Afghanistan,AF,AFG,Kabul,Asia,South Asia,+93
Albania,AL,ALB,Tirana,Europe,Southern Europe,+355
Algeria,DZ,DZA,Algiers,Africa,Northern Africa,+213
Andorra,AD,AND,Andorra la Vella,Europe,Western Europe,+376
Angola,AO,AGO,Luanda,Africa,Central Africa,+244
Antigua and Barbuda,AG,ATG,Saint John's,Americas,Caribbean,+1-268
Argentina,AR,ARG,Buenos Aires,Americas,South America,+54
Armenia,AM,ARM,Yerevan,Asia,Western Asia,+374
Australia,AU,AUS,Canberra,Oceania,Australia and New Zealand,+61
Austria,AT,AUT,Vienna,Europe,Western Europe,+43
Azerbaijan,AZ,AZE,Baku,Asia,Western Asia,+994
Bahamas,BS,BHS,Nassau,Americas,Caribbean,+1-242
Bahrain,BH,BHR,Manama,Asia,Western Asia,+973
Bangladesh,BD,BGD,Dhaka,Asia,South Asia,+880
Barbados,BB,BRB,Bridgetown,Americas,Caribbean,+1-246
Belarus,BY,BLR,Minsk,Europe,Eastern Europe,+375
Belgium,BE,BEL,Brussels,Europe,Western Europe,+32
Belize,BZ,BLZ,Belmopan,Americas,Central America,+501
Benin,BJ,BEN,Porto-Novo,Africa,West Africa,+229
Bhutan,BT,BTN,Thimphu,Asia,South Asia,+975
Bolivia,BO,BOL,Sucre,Americas,South America,+591
Bosnia and Herzegovina,BA,BIH,Sarajevo,Europe,Southern Europe,+387
Botswana,BW,BWA,Gaborone,Africa,Southern Africa,+267
Brazil,BR,BRA,Brasilia,Americas,South America,+55
Brunei,BN,BRN,Bandar Seri Begawan,Asia,Southeast Asia,+673
Bulgaria,BG,BGR,Sofia,Europe,Eastern Europe,+359
Burkina Faso,BF,BFA,Ouagadougou,Africa,West Africa,+226
Burundi,BI,BDI,Bujumbura,Africa,Eastern Africa,+257
Cabo Verde,CV,CPV,Praia,Africa,West Africa,+238
Cambodia,KH,KHM,Phnom Penh,Asia,Southeast Asia,+855
Cameroon,CM,CMR,Yaoundé,Africa,Central Africa,+237
Canada,CA,CAN,Ottawa,Americas,North America,+1
Central African Republic,CF,CAF,Bangui,Africa,Central Africa,+236
Chad,TD,TCD,N'Djamena,Africa,Central Africa,+235
Chile,CL,CHL,Santiago,Americas,South America,+56
China,CN,CHN,Beijing,Asia,East Asia,+86
Colombia,CO,COL,Bogotá,Americas,South America,+57
Comoros,KM,COM,Moroni,Africa,Eastern Africa,+269
Congo (Congo-Brazzaville),CG,COG,Brazzaville,Africa,Central Africa,+242
Costa Rica,CR,CRI,San José,Americas,Central America,+506
Croatia,HR,HRV,Zagreb,Europe,Southern Europe,+385
Cuba,CU,CUB,Havana,Americas,Caribbean,+53
Cyprus,CY,CYP,Nicosia,Europe,Eastern Europe,+357
Czechia,CZ,CZE,Prague,Europe,Eastern Europe,+420
Democratic Republic of the Congo,CD,COD,Kinshasa,Africa,Central Africa,+243
Denmark,DK,DNK,Copenhagen,Europe,Northern Europe,+45
Djibouti,DJ,DJI,Djibouti,Africa,Eastern Africa,+253
Dominica,DM,DMA,Roseau,Americas,Caribbean,+1-767
Dominican Republic,DO,DOM,Santo Domingo,Americas,Caribbean,+1-8
Ecuador,EC,ECU,Quito,Americas,South America,+593
Egypt,EG,EGY,Cairo,Africa,Northern Africa,+20
El Salvador,SV,SLV,San Salvador,Americas,Central America,+503
Equatorial Guinea,GQ,GNQ,Malabo,Africa,Central Africa,+240
Eritrea,ER,ERI,Asmara,Africa,Eastern Africa,+291
Estonia,EE,EST,Tallinn,Europe,Northern Europe,+372
Eswatini (fmr. Swaziland),SZ,SWZ,Mbabane,Africa,Southern Africa,+268
Ethiopia,ET,ETH,Addis Ababa,Africa,Eastern Africa,+251
Fiji,FJ,FJI,Suva,Oceania,Melanesia,+679
Finland,FI,FIN,Helsinki,Europe,Northern Europe,+358
France,FR,FRA,Paris,Europe,Western Europe,+33
Gabon,GA,GAB,Libreville,Africa,Central Africa,+241
Gambia,GM,GMB,Banjul,Africa,Western Africa,+220
Georgia,GE,GEO,Tbilisi,Asia,Western Asia,+995
Germany,DE,DEU,Berlin,Europe,Western Europe,+49
Ghana,GH,GHA,Accra,Africa,Western Africa,+233
Greece,GR,GRC,Athens,Europe,Southern Europe,+30
Grenada,GD,GRD,St. George's,Americas,Caribbean,+1-473
Guatemala,GT,GTM,Guatemala City,Americas,Central America,+502
Guinea,GN,GIN,Conakry,Africa,Western Africa,+224
Guinea-Bissau,GW,GNB,Bissau,Africa,Western Africa,+245
Guyana,GY,GUY,Georgetown,Americas,South America,+592
Haiti,HT,HTI,Port-au-Prince,Americas,Caribbean,+509
Holy See,VA,VAT,Vatican City,Europe,Southern Europe,+39-06
Honduras,HN,HND,Tegucigalpa,Americas,Central America,+504
Hungary,HU,HUN,Budapest,Europe,Eastern Europe,+36
Iceland,IS,ISL,Reykjavik,Europe,Northern Europe,+354
India,IN,IND,New Delhi,Asia,Southern Asia,+91
Indonesia,ID,IDN,Jakarta,Asia,Southeastern Asia,+62
Iran,IR,IRN,Tehran,Asia,Southern Asia,+98
Iraq,IQ,IRQ,Baghdad,Asia,Western Asia,+964
Ireland,IE,IRL,Dublin,Europe,Northern Europe,+353
Israel,IL,ISR,Tel Aviv,Asia,Western Asia,+972
Italy,IT,ITA,Rome,Europe,Southern Europe,+39
Ivory Coast,CI,CIV,Yamoussoukro,Africa,West Africa,+225
Jamaica,JM,JAM,Kingston,Americas,Caribbean,+1-876
Japan,JP,JPN,Tokyo,Asia,Eastern Asia,+81
Jordan,JO,JOR,Amman,Asia,Western Asia,+962
Kazakhstan,KZ,KAZ,Nur-Sultan,Asia,Central Asia,+7
Kenya,KE,KEN,Nairobi,Africa,Eastern Africa,+254
Kiribati,KI,KIR,South Tarawa,Oceania,Micronesia,+686
Kuwait,KW,KWT,Kuwait City,Asia,Western Asia,+965
Kyrgyzstan,KG,KGZ,Bishkek,Asia,Central Asia,+996
Laos,LA,LAO,Vientiane,Asia,Southeastern Asia,+856
Latvia,LV,LVA,Riga,Europe,Northern Europe,+371
Lebanon,LB,LBN,Beirut,Asia,Western Asia,+961
Lesotho,LS,LSO,Maseru,Africa,Southern Africa,+266
Liberia,LR,LBR,Monrovia,Africa,Western Africa,+231
Libya,LY,LBY,Tripoli,Africa,Northern Africa,+218
Liechtenstein,LI,LIE,Vaduz,Europe,Western Europe,+423
Lithuania,LT,LTU,Vilnius,Europe,Northern Europe,+370
Luxembourg,LU,LUX,Luxembourg,Europe,Western Europe,+352
Madagascar,MG,MDG,Antananarivo,Africa,Eastern Africa,+261
Malawi,MW,MWI,Lilongwe,Africa,Southern Africa,+265
Malaysia,MY,MYS,Kuala Lumpur,Asia,Southeastern Asia,+60
Maldives,MV,MDV,Malé,Asia,Southern Asia,+960
Mali,ML,MLI,Bamako,Africa,Western Africa,+223
Malta,MT,MLT,Valletta,Europe,Southern Europe,+356
Marshall Islands,MH,MHL,Majuro,Oceania,Micronesia,+692
Mauritania,MR,MRT,Nouakchott,Africa,Western Africa,+222
Mauritius,MU,MUS,Port Louis,Africa,Eastern Africa,+230
Mexico,MX,MEX,Mexico City,Americas,North America,+52
Micronesia,FM,FSM,Palikir,Oceania,Micronesia,+691
Moldova,MD,MDA,Chișinău,Europe,Eastern Europe,+373
Monaco,MC,MCO,Monaco,Europe,Western Europe,+377
Mongolia,MN,MNG,Ulaanbaatar,Asia,Eastern Asia,+976
Montenegro,ME,MNE,Podgorica,Europe,Southern Europe,+382
Morocco,MA,MAR,Rabat,Africa,Northern Africa,+212
Mozambique,MZ,MOZ,Maputo,Africa,Southern Africa,+258
Myanmar,MM,MMR,Naypyidaw,Asia,Southeastern Asia,+95
Namibia,NA,NAM,Windhoek,Africa,Southern Africa,+264
Nauru,NR,NRU,Yaren,Oceania,Australia and New Zealand,+674
Nepal,NP,NPL,Kathmandu,Asia,Southern Asia,+977
Netherlands,NL,NLD,Amsterdam,Europe,Western Europe,+31
New Zealand,NZ,NZL,Wellington,Oceania,Australia and New Zealand,+64
Nicaragua,NI,NIC,Managua,Americas,Central America,+505
Niger,NE,NER,Niamey,Africa,Western Africa,+227
Nigeria,NG,NGA,Abuja,Africa,Western Africa,+234
North Macedonia,MK,MKD,Skopje,Europe,Southern Europe,+389
Norway,NO,NOR,Oslo,Europe,Northern Europe,+47
Oman,OM,OMN,Muscat,Asia,Western Asia,+968
Pakistan,PK,PAK,Islamabad,Asia,Southern Asia,+92
Palau,PW,PLW,Ngerulmud,Oceania,Micronesia,+680
Palestine,PS,PSE,Ramallah,Asia,Western Asia,+970
Panama,PA,PAN,Panama City,Americas,Central America,+507
Papua New Guinea,PG,PNG,Port Moresby,Oceania,Melanesia,+675
Paraguay,PY,PRY,Asunción,Americas,South America,+595
Peru,PE,PER,Lima,Americas,South America,+51
Philippines,PH,PHL,Manila,Asia,Southeastern Asia,+63
Poland,PL,POL,Warsaw,Europe,Eastern Europe,+48
Portugal,PT,PRT,Lisbon,Europe,Southern Europe,+351
Qatar,QA,QAT,Doha,Asia,Western Asia,+974
Romania,RO,ROU,Bucharest,Europe,Eastern Europe,+40
Russia,RU,RUS,Moscow,Europe,Eastern Europe,+7
Rwanda,RW,RWA,Kigali,Africa,Eastern Africa,+250
Saint Kitts and Nevis,KN,KNA,Basseterre,Americas,Caribbean,+1-869
Saint Lucia,LC,LCA,Castries,Americas,Caribbean,+1-758
Saint Vincent and the Grenadines,VC,VCT,Kingstown,Americas,Caribbean,+1-784
Samoa,WS,WSM,Apia,Oceania,Polynesia,+685
San Marino,SM,SMR,San Marino,Europe,Southern Europe,+378
Sao Tome and Principe,ST,STP,São Tomé,Africa,Middle Africa,+239
Saudi Arabia,SA,SAU,Riyadh,Asia,Western Asia,+966
Senegal,SN,SEN,Dakar,Africa,Western Africa,+221
Serbia,RS,SRB,Belgrade,Europe,Southern Europe,+381
Seychelles,SC,SYC,Victoria,Africa,Eastern Africa,+248
Sierra Leone,SL,SLE,Freetown,Africa,Western Africa,+232
Singapore,SG,SGP,Singapore,Asia,Southeastern Asia,+65
Slovakia,SK,SVK,Bratislava,Europe,Eastern Europe,+421
Slovenia,SI,SVN,Ljubljana,Europe,Southern Europe,+386
Solomon Islands,SB,SLB,Honiara,Oceania,Melanesia,+677
Somalia,SO,SOM,Mogadishu,Africa,Eastern Africa,+252
South Africa,ZA,ZAF,Pretoria,Africa,Southern Africa,+27
South Sudan,SS,SSD,Juba,Africa,Eastern Africa,+211
Spain,ES,ESP,Madrid,Europe,Southern Europe,+34
Sri Lanka,LK,LKA,Colombo,Asia,Southern Asia,+94
Palestine,PS,PSE,Jerusalem,Asia,Western Asia,+970
Sudan,SD,SDN,Khartoum,Africa,Northern Africa,+249
Suriname,SR,SUR,Paramaribo,Americas,South America,+597
Swaziland,SZ,SWZ,Mbabane,Africa,Southern Africa,+268
Sweden,SE,SWE,Stockholm,Europe,Northern Europe,+46
Switzerland,CH,CHE,Bern,Europe,Western Europe,+41
Syria,SY,SYR,Damascus,Asia,Western Asia,+963
Taiwan,TW,TWN,Taipei,Asia,Eastern Asia,+886
Tajikistan,TJ,TJK,Dushanbe,Asia,Central Asia,+992
Tanzania,TZ,TZA,Dodoma,Africa,Eastern Africa,+255
Thailand,TH,THA,Bangkok,Asia,Southeastern Asia,+66
Timor-Leste,TL,TLS,Dili,Asia,Southeastern Asia,+670
Togo,TG,TGO,Lomé,Africa,Western Africa,+228
Tonga,TO,TON,Nuku'alofa,Oceania,Polynesia,+676
Trinidad and Tobago,TT,TTO,Port of Spain,Americas,Caribbean,+1-868
Tunisia,TN,TUN,Tunis,Africa,Northern Africa,+216
Turkey,TR,TUR,Ankara,Asia,Western Asia,+90
Turkmenistan,TM,TKM,Ashgabat,Asia,Central Asia,+993
Tuvalu,TV,TUV,Funafuti,Oceania,Polynesia,+688
Uganda,UG,UGA,Kampala,Africa,Eastern Africa,+256
Ukraine,UA,UKR,Kyiv,Europe,Eastern Europe,+380
United Arab Emirates,AE,ARE,Abu Dhabi,Asia,Western Asia,+971
United Kingdom,GB,GBR,London,Europe,Northern Europe,+44
United States,US,USA,Washington D.C.,Americas,Northern America,+1
Uruguay,UY,URY,Montevideo,Americas,South America,+598
Uzbekistan,UZ,UZB,Tashkent,Asia,Central Asia,+998
Vanuatu,VU,VUT,Port Vila,Oceania,Melanesia,+678
Vatican City,VA,VAT,Vatican City,Europe,Southern Europe,+379
Venezuela,VE,VEN,Caracas,Americas,South America,+58
Vietnam,VN,VNM,Hanoi,Asia,Southeastern Asia,+84
Yemen,YE,YEM,Sana'a,Asia,Western Asia,+967
Zambia,ZM,ZMB,Lusaka,Africa,Eastern Africa,+260
Zimbabwe,ZW,ZWE,Harare,Africa,Eastern Africa,+263